1872-03-01,2.345
1872-04-01,6.695
1872-06-01,15.727
1872-07-01,18.652
1872-08-01,15.845
1872-09-01,13.08
1872-10-01,9.551
1872-12-01,0.3939999999999999
1873-02-01,0.215
1873-03-01,1.866
1873-08-01,16.046
1873-09-01,12.720999999999998
1873-10-01,7.6549999999999985
1873-12-01,3.87
1874-03-01,3.114
1874-04-01,6.7109999999999985
1874-05-01,9.356
1874-08-01,14.884
1874-10-01,10.32
1874-12-01,-2.456
1875-01-01,-1.895
1875-02-01,-2.888
1875-03-01,0.375
1875-04-01,5.4369999999999985
1875-06-01,15.142
1875-07-01,17.234
1875-08-01,17.558999999999994
1875-09-01,13.599
1876-04-01,5.933
1876-05-01,9.083
1876-09-01,12.296
1876-11-01,0.9179999999999996
1876-12-01,-2.478
1877-01-01,-0.48100000000000004
1877-02-01,-0.823
1877-04-01,3.427
1877-07-01,15.946000000000002
1877-10-01,7.034
1877-11-01,6.324999999999998
1878-04-01,7.381
1878-05-01,10.79
1878-06-01,14.654000000000002
1878-08-01,17.198999999999998
1878-11-01,3.371
1878-12-01,-1.838
1879-04-01,3.6830000000000003
1879-08-01,16.33
1879-09-01,13.12
1880-04-01,6.505
1880-05-01,10.334000000000001
1880-09-01,14.6
1880-11-01,3.137
1880-12-01,0.6589999999999999
1881-05-01,10.076
1881-08-01,14.105999999999998
1881-09-01,12.05
1881-12-01,2.389
1882-01-01,2.9219999999999997
1882-02-01,3.006
1882-03-01,4.71
1882-04-01,6.278
1882-05-01,11.285
1882-06-01,15.07
1882-10-01,8.397
1882-11-01,1.722
1883-01-01,-0.897
1883-03-01,-0.8490000000000002
1883-07-01,17.340999999999998
1883-08-01,15.701999999999998
1883-09-01,12.924000000000001
1883-10-01,8.089
1883-11-01,4.875
1883-12-01,1.346
1884-03-01,3.187
1884-07-01,17.476000000000006
1884-08-01,16.788
1884-09-01,14.886
1884-10-01,9.094
1884-11-01,1.828
1884-12-01,1.097
1885-02-01,1.6350000000000002
1885-03-01,2.455
1885-06-01,13.977
1885-07-01,16.660999999999998
1885-08-01,14.288999999999998
1885-10-01,5.977
1885-11-01,2.4090000000000003
1886-04-01,5.986000000000001
1886-05-01,10.380999999999998
1886-06-01,14.273
1886-07-01,15.649
1886-09-01,13.02
1886-10-01,8.67
1887-01-01,-0.40299999999999997
1887-06-01,15.110999999999999
1887-07-01,16.484
1887-08-01,15.114
1887-09-01,12.422
1887-10-01,6.5120000000000005
1887-11-01,3.007
1888-03-01,-3.642
1888-05-01,9.42
1888-06-01,14.503
1888-07-01,14.987000000000002
1888-08-01,14.334000000000001
1888-11-01,3.0189999999999997
1888-12-01,2.344
1889-01-01,0.5389999999999999
1889-02-01,-2.49
1889-03-01,-0.16900000000000004
1889-06-01,18.602999999999998
1889-08-01,15.184000000000001
1889-10-01,8.238999999999999
1889-12-01,0.458
1890-06-01,13.741
1890-08-01,15.194
1890-09-01,13.623
1890-10-01,7.895
1890-12-01,-2.515
1891-01-01,-2.873
1891-04-01,4.6930000000000005
1891-05-01,10.359000000000002
1891-06-01,14.895999999999999
1891-08-01,14.983
1891-11-01,2.9
1891-12-01,2.219
1892-02-01,-0.537
1892-06-01,13.638
1892-08-01,15.352
1892-12-01,-1.125
1893-01-01,-5.711
1893-07-01,17.357
1893-09-01,11.953
1893-10-01,8.906
1894-01-01,0.24999999999999994
1894-03-01,4.449999999999998
1894-04-01,8.073
1894-06-01,14.924
1894-09-01,11.345
1894-10-01,6.156000000000001
1894-12-01,2.517
1895-03-01,0.965
1895-06-01,15.431
1895-07-01,15.802
1895-08-01,16.076
1895-09-01,13.899
1896-01-01,0.605
1896-03-01,2.975
1896-06-01,17.579
1896-09-01,12.883
1896-12-01,-0.593
1897-01-01,-2.863
1897-03-01,1.969
1897-06-01,16.158
1897-11-01,4.354
1897-12-01,1.973
1898-01-01,3.761
1898-04-01,5.0459999999999985
1898-06-01,14.712
1898-07-01,14.709
1898-10-01,7.8870000000000005
1898-11-01,4.6949999999999985
1899-03-01,1.709
1899-06-01,14.838
1899-07-01,18.667
1899-10-01,8.307
1899-11-01,6.978
1900-02-01,-2.799
1900-05-01,9.576
1900-06-01,15.888
1901-01-01,-1.507
1901-04-01,6.261
1901-05-01,12.181
1901-06-01,14.654000000000002
1901-07-01,19.669
1901-09-01,13.755
1901-12-01,0.3300000000000001
1902-04-01,5.026
1902-06-01,14.713
1902-10-01,7.032
1902-11-01,2.833
1903-02-01,3.228
1903-03-01,4.8599999999999985
1903-07-01,15.958000000000002
1903-08-01,14.515999999999998
1903-10-01,7.404
1903-11-01,3.8280000000000003
1903-12-01,0.07699999999999996
1904-01-01,0.6079999999999999
1904-03-01,1.3019999999999998
1904-04-01,6.182
1904-05-01,10.11
1904-08-01,15.752
1904-10-01,8.366
1904-12-01,2.21
1905-02-01,1.7880000000000005
1905-03-01,3.197
1905-07-01,17.417
1905-08-01,15.445999999999998
1905-09-01,12.367
1905-10-01,5.337000000000001
1906-01-01,1.125
1906-02-01,0.91
1906-04-01,6.407
1906-06-01,15.975
1906-10-01,8.935
1906-12-01,-0.29899999999999993
1907-02-01,-0.337
1907-06-01,13.032
1907-07-01,14.863
1907-08-01,13.685
1907-11-01,4.308
1908-03-01,0.985
1908-06-01,15.127
1908-07-01,17.36
1908-08-01,15.651
1908-09-01,12.562000000000001
1908-12-01,1.368
1909-02-01,-1.065
1909-04-01,4.382
1909-05-01,8.707
1909-06-01,13.788
1909-10-01,10.450999999999999
1909-11-01,2.468
1909-12-01,0.9670000000000001
1910-02-01,1.861
1910-03-01,3.867
1910-06-01,16.715999999999998
1910-07-01,17.169
1910-10-01,8.874
1910-12-01,2.208
1911-02-01,1.834
1911-03-01,2.824
1911-04-01,6.158
1911-05-01,13.200999999999999
1911-07-01,17.026
1911-08-01,17.979
1911-12-01,2.747
1912-02-01,-1.132
1912-09-01,10.867
1912-10-01,7.303
1912-11-01,3.585
1913-04-01,6.858
1913-06-01,14.610999999999999
1913-07-01,16.480999999999998
1913-10-01,8.486
1913-12-01,2.543
1914-01-01,-0.34700000000000003
1914-05-01,10.716
1914-06-01,15.91
1914-11-01,3.633
1914-12-01,3.055
1915-02-01,0.5429999999999999
1915-03-01,0.508
1915-06-01,14.243
1915-07-01,15.36
1915-08-01,15.666999999999998
1916-01-01,2.877
1916-02-01,0.48100000000000004
1916-04-01,6.564
1916-08-01,15.151
1916-11-01,5.683999999999998
1916-12-01,1.485
1917-01-01,-3.5180000000000002
1917-02-01,-1.3459999999999999
1917-06-01,16.979
1917-09-01,13.735999999999999
1917-11-01,5.379
1918-01-01,-1.036
1918-02-01,0.7679999999999999
1918-03-01,2.192
1918-06-01,13.181
1918-07-01,16.14
1918-08-01,16.122
1918-12-01,2.011
1919-01-01,0.8219999999999998
1919-03-01,1.0539999999999998
1919-05-01,12.341
1919-07-01,16.315
1919-08-01,14.259
1919-10-01,6.807
1919-12-01,-0.8580000000000001
1920-03-01,4.99
1920-04-01,6.997999999999998
1921-01-01,2.4090000000000003
1921-02-01,1.995
1921-06-01,14.238
1921-07-01,16.154
1921-10-01,9.589
1921-11-01,1.173
1921-12-01,2.246
1922-01-01,-1.608
1922-02-01,-2.057
1922-05-01,10.524
1922-08-01,14.669
1922-09-01,11.755999999999998
1922-10-01,5.772
1923-04-01,4.5680000000000005
1923-05-01,9.109
1923-06-01,11.443
1923-07-01,16.826
1923-09-01,12.272
1923-12-01,-1.6350000000000002
1924-01-01,-1.798
1924-02-01,-1.7919999999999998
1924-03-01,-0.5110000000000001
1924-05-01,9.863999999999999
1924-06-01,13.722999999999999
1924-07-01,15.462000000000002
1924-08-01,15.874
1924-10-01,9.285
1924-11-01,5.172000000000001
1925-01-01,3.3760000000000003
1925-03-01,1.2919999999999998
1925-08-01,16.913
1925-09-01,12.331
1925-10-01,7.32
1926-03-01,3.116
1926-04-01,7.028
1926-07-01,18.311
1926-09-01,13.043
1926-10-01,5.94
1926-11-01,4.981
1926-12-01,0.987
1927-01-01,2.069
1927-02-01,0.972
1927-04-01,5.292000000000001
1927-06-01,12.194
